Location,Pincode,State,District
A F station yelahanka,560063,Karnataka,Bangalore
Adugodi,560030,Karnataka,Bangalore
Agara,560034,Karnataka,Bangalore
Agram,560007,Karnataka,Bangalore
Air Force hospital,560007,Karnataka,Bangalore
Amruthahalli,560092,Karnataka,Bangalore
Anandnagar,560024,Karnataka,Bangalore
Anekal,562106,Karnataka,Bangalore
Anekalbazar,562106,Karnataka,Bangalore
Arabic College,560045,Karnataka,Bangalore
Pillana Garden,560045,Karnataka,Bangalore
Aranya Bhavan,560003,Karnataka,Bangalore
Ashoknagar,560050,Karnataka,Bangalore
Attibele,562107,Karnataka,Bangalore
Attur,560064,Karnataka,Bangalore
Austin Town,560047,Karnataka,Bangalore
Avalahalli,560026,Karnataka,Bangalore
Avani Sringeri mutt,560086,Karnataka,Bangalore
Avenue Road,560002,Karnataka,Bangalore
B Sk ii stage,560070,Karnataka,Bangalore
Bsf Campus yelahanka,560064,Karnataka,Bangalore
Bagalgunte,560073,Karnataka,Bangalore
Bagalur,562149,Karnataka,Bangalore
Balepete,560053,Karnataka,Bangalore
Banashankari,560050,Karnataka,Bangalore
Banashankari Iii stage,560085,Karnataka,Bangalore
Banaswadi,560043,Karnataka,Bangalore
Bandikodigehalli,562149,Karnataka,Bangalore
Bangalore Air port,560017,Karnataka,Bangalore
Bangalore Bazaar,560001,Karnataka,Bangalore
Bangalore City,560002,Karnataka,Bangalore
Bangalore Corporation building,560002,Karnataka,Bangalore
Bangalore Dist offices bldg,560009,Karnataka,Bangalore
Bangalore Fort,560002,Karnataka,Bangalore
Bangalore Sub fgn post,560025,Karnataka,Bangalore
Bangalore.,560001,Karnataka,Bangalore
Bannerghatta,560083,Karnataka,Bangalore
Bannerghatta Road,560076,Karnataka,Bangalore
Bapujinagar,560026,Karnataka,Bangalore
Basavanagudi,560004,Karnataka,Bangalore
Basavaraja Market,560002,Karnataka,Bangalore
Basaveshwaranagar,560079,Karnataka,Bangalore
Basaveswaranagar Ii stage,560086,Karnataka,Bangalore
Bellandur,560103,Karnataka,Bangalore
Benson Town,560046,Karnataka,Bangalore
Bestamaranahalli,562106,Karnataka,Bangalore
Bettahalsur,562157,Karnataka,Bangalore
Bhashyam Circle,560010,Karnataka,Bangalore
Bhattarahalli,560049,Karnataka,Bangalore
Bidaraguppe,562107,Karnataka,Bangalore
Bidrahalli,560049,Karnataka,Bangalore
Bnagalore Viswavidalaya,560056,Karnataka,Bangalore
Bommanahalli,560068,Karnataka,Bangalore
Brigade Road,560001,Karnataka,Bangalore
Byatarayanapura,560026,Karnataka,Bangalore
C.V.raman nagar,560093,Karnataka,Bangalore
Cmp Centre and school,560025,Karnataka,Bangalore
Crpf Campus yelahanka,560064,Karnataka,Bangalore
Cahmrajendrapet,560002,Karnataka,Bangalore
Chamrajpet,560018,Karnataka,Bangalore
Chamrajpet Bazar,560018,Karnataka,Bangalore
Chandra Lay out,560040,Karnataka,Bangalore
Chickpet,560053,Karnataka,Bangalore
Chikkabettahalli,560097,Karnataka,Bangalore
Chikkajala,562157,Karnataka,Bangalore
Chikkalasandra,560061,Karnataka,Bangalore
Chikkanahalli,562130,Karnataka,Bangalore
Chunchanakuppe,562130,Karnataka,Bangalore
Cubban Road,560001,Karnataka,Bangalore
Dasarahalli,560050,Karnataka,Bangalore
Deepanjalinagar,560026,Karnataka,Bangalore
Devanagundi,560067,Karnataka,Bangalore
Devarjeevanahalli,560045,Karnataka,Bangalore
Devasandra,560036,Karnataka,Bangalore
Dharmaram College,560029,Karnataka,Bangalore
Doddagubbi,562149,Karnataka,Bangalore
Doddajala,562157,Karnataka,Bangalore
Doddakallasandra,560062,Karnataka,Bangalore
Doddanekkundi,560037,Karnataka,Bangalore
Domlur,560071,Karnataka,Bangalore
Dommasandra,562125,Karnataka,Bangalore
Doorvaninagar,560016,Karnataka,Bangalore
Dr. ambedkar veedhi,560001,Karnataka,Bangalore
Electronics City,560100,Karnataka,Bangalore
Fraser Town,560005,Karnataka,Bangalore
G.K.v.k.,560065,Karnataka,Bangalore
Gaviopuram Extension,560019,Karnataka,Bangalore
Gaviopuram Guttanahalli,560019,Karnataka,Bangalore
Gayathrinagar,560021,Karnataka,Bangalore
Girinagar,560085,Karnataka,Bangalore
Goraguntepalya,560022,Karnataka,Bangalore
Goripalya,560026,Karnataka,Bangalore
Governmemnt Electric factory,560026,Karnataka,Bangalore
Govindapalya,560013,Karnataka,Bangalore
Gunjur,560087,Karnataka,Bangalore
H M t,560013,Karnataka,Bangalore
H.A. farm,560024,Karnataka,Bangalore
H.A.l ii stage,560008,Karnataka,Bangalore
H.K.p. road,560051,Karnataka,Bangalore
Hsr Layout,560102,Karnataka,Bangalore
Hampinagar,560104,Karnataka,Bangalore
Handenahalli,562125,Karnataka,Bangalore
Harogadde,562106,Karnataka,Bangalore
Hebbal Kempapura,560024,Karnataka,Bangalore
Hennagara,562106,Karnataka,Bangalore
Highcourt,560001,Karnataka,Bangalore
Hongasandra,560068,Karnataka,Bangalore
Hoodi,560048,Karnataka,Bangalore
Horamavu,560043,Karnataka,Bangalore
Hosakerehalli,560085,Karnataka,Bangalore
Hosur Road,560030,Karnataka,Bangalore
Hulimangala,562106,Karnataka,Bangalore
Hulimavu,560076,Karnataka,Bangalore
Hulsur Bazaar,560008,Karnataka,Bangalore
Hunasamaranahalli,562157,Karnataka,Bangalore
Isro Anthariksha bhavan,560094,Karnataka,Bangalore
Immedihalli,560066,Karnataka,Bangalore
Indalavadi,562106,Karnataka,Bangalore
Indiranagar,560038,Karnataka,Bangalore
Indiranagar Com. complex,560038,Karnataka,Bangalore
Industrial Estate,560010,Karnataka,Bangalore
Ittamadu Layout,560085,Karnataka,Bangalore
J P nagar,560078,Karnataka,Bangalore
J.C.nagar,560006,Karnataka,Bangalore
Jakkur,560064,Karnataka,Bangalore
Jalahalli,560013,Karnataka,Bangalore
Jalahalli East,560014,Karnataka,Bangalore
Jalahalli Village,560013,Karnataka,Bangalore
Jalahalli West,560015,Karnataka,Bangalore
Jalavayuvihar,560043,Karnataka,Bangalore
Jayanagar,560041,Karnataka,Bangalore
Jayanagar West,560070,Karnataka,Bangalore
Jayangar East,560069,Karnataka,Bangalore
Jayangar Iii block,560011,Karnataka,Bangalore
Jeevanahalli,560005,Karnataka,Bangalore
Jeevanbhimanagar,560066,Karnataka,Bangalore
Jigani,562106,Karnataka,Bangalore
Jp Nagar iii phase,560078,Karnataka,Bangalore
K H b colony,560079,Karnataka,Bangalore
K. g. road,560009,Karnataka,Bangalore
K.P.west,560020,Karnataka,Bangalore
Kacharakanahalli,560084,Karnataka,Bangalore
Kadabagere,562130,Karnataka,Bangalore
Kadugodi,560067,Karnataka,Bangalore
Kalkunte,560067,Karnataka,Bangalore
Kalyanagar,560043,Karnataka,Bangalore
Kamagondanahalli,560015,Karnataka,Bangalore
Kamakshipalya,560079,Karnataka,Bangalore
Kannamangala,560067,Karnataka,Bangalore
Kannur,562149,Karnataka,Bangalore
Kanteeravanagar,560096,Karnataka,Bangalore
Kathriguppe,560085,Karnataka,Bangalore
Kenchanahalli,560098,Karnataka,Bangalore
Kendriya Sadan,560034,Karnataka,Bangalore
Kendriya Vihar,560064,Karnataka,Bangalore
Kodigehalli,560092,Karnataka,Bangalore
Konanakunte,560062,Karnataka,Bangalore
Koramangala,560034,Karnataka,Bangalore
Koramangala I block,560034,Karnataka,Bangalore
Koramangala Vi bk,560095,Karnataka,Bangalore
Kothanur,560077,Karnataka,Bangalore
Krishnarajapuram,560036,Karnataka,Bangalore
Krishnarajapuram R s,560016,Karnataka,Bangalore
Kugur,562125,Karnataka,Bangalore
Kumaraswamy Layout,560078,Karnataka,Bangalore
Kumbalgodu,560074,Karnataka,Bangalore
Kundalahalli,560037,Karnataka,Bangalore
Lalbagh West,560004,Karnataka,Bangalore
Legislators Home,560001,Karnataka,Bangalore
Lingarajapuram,560084,Karnataka,Bangalore
M S r road,560054,Karnataka,Bangalore
Madhavan Park,560011,Karnataka,Bangalore
Madivala,560068,Karnataka,Bangalore
Magadi Road,560023,Karnataka,Bangalore
Mahadevapura,560048,Karnataka,Bangalore
Mahalakshmipuram Layout,560086,Karnataka,Bangalore
Mahatma Gandhi road,560001,Karnataka,Bangalore
Malkand Lines,560033,Karnataka,Bangalore
Mallathahalli,560056,Karnataka,Bangalore
Malleswaram,560003,Karnataka,Bangalore
Malleswaram West,560055,Karnataka,Bangalore
Mandalay Lines,560033,Karnataka,Bangalore
Marathahalli Colony,560037,Karnataka,Bangalore
Marsur,562106,Karnataka,Bangalore
Maruthi Sevanagar,560033,Karnataka,Bangalore
Mathikere,560054,Karnataka,Bangalore
Mavalli,560004,Karnataka,Bangalore
Mayasandra,562107,Karnataka,Bangalore
Medihalli,560049,Karnataka,Bangalore
Medimallasandra,560067,Karnataka,Bangalore
Mico Layout,560076,Karnataka,Bangalore
Milk Colony,560055,Karnataka,Bangalore
Mount St joseph,560076,Karnataka,Bangalore
Msrit,560054,Karnataka,Bangalore
Mundur,560049,Karnataka,Bangalore
Museum Road,560025,Karnataka,Bangalore
Muthanallur,560099,Karnataka,Bangalore
Muthusandra,560087,Karnataka,Bangalore
Nal,560017,Karnataka,Bangalore
Naduvathi,560067,Karnataka,Bangalore
Nagarbhavi,560072,Karnataka,Bangalore
Nagasandra,560073,Karnataka,Bangalore
Nagavara,560045,Karnataka,Bangalore
Nandinilayout,560096,Karnataka,Bangalore
Narasimharaja Colony,560019,Karnataka,Bangalore
Narasimjharaja Road,560002,Karnataka,Bangalore
Narayan Pillai street,560001,Karnataka,Bangalore
Nayandahalli,560039,Karnataka,Bangalore
Neralur,562107,Karnataka,Bangalore
New Tharaggupet,560002,Karnataka,Bangalore
New Thippasandra,560075,Karnataka,Bangalore
Okalipuram,560021,Karnataka,Bangalore
P&t Col. kavalbyrasandra,560032,Karnataka,Bangalore
Padmanabhnagar,560070,Karnataka,Bangalore
Palace Guttahalli,560003,Karnataka,Bangalore
Panathur,560087,Karnataka,Bangalore
Pasmpamahakavi Road,560004,Karnataka,Bangalore
Peenya I stage,560058,Karnataka,Bangalore
Peenya Ii stage,560058,Karnataka,Bangalore
Peenya Small industries,560058,Karnataka,Bangalore
R T nagar,560032,Karnataka,Bangalore
R.M.v. extension ii stage,560094,Karnataka,Bangalore
Rajajinagar,560010,Karnataka,Bangalore
Rajajinagar I block,560010,Karnataka,Bangalore
Rajajinagar Ivth block,560010,Karnataka,Bangalore
Rajanakunte,560064,Karnataka,Bangalore
Rajarajeshwarinagar,560098,Karnataka,Bangalore
Rajbhavan,560001,Karnataka,Bangalore
Ramachandrapuram,560021,Karnataka,Bangalore
Ramagondanahalli,560066,Karnataka,Bangalore
Ramakrishna Hegde nagar,560045,Karnataka,Bangalore
Ramamurthy Nagar,560016,Karnataka,Bangalore
Rameshnagar,560037,Karnataka,Bangalore
Richmond Town,560025,Karnataka,Bangalore
Rv Niketan,560059,Karnataka,Bangalore
Sadashivanagar,560080,Karnataka,Bangalore
Sahakaranagar P.o,560092,Karnataka,Bangalore
Samandur,562106,Karnataka,Bangalore
Samethanahalli,560067,Karnataka,Bangalore
Sampangiramnagar,560027,Karnataka,Bangalore
Sarjapura,562125,Karnataka,Bangalore
Science Institute,560012,Karnataka,Bangalore
Seshadripuram,560020,Karnataka,Bangalore
Shankarpura,560004,Karnataka,Bangalore
Shanthinagar,560027,Karnataka,Bangalore
Sidihoskote,562106,Karnataka,Bangalore
Singanayakanahalli,560064,Karnataka,Bangalore
Sivan Chetty gardens,560042,Karnataka,Bangalore
Someswarapura,560008,Karnataka,Bangalore
Sri Jayachamarajendra road,560002,Karnataka,Bangalore
Srirampuram,560021,Karnataka,Bangalore
St. john's medical college,560034,Karnataka,Bangalore
St. thomas town,560084,Karnataka,Bangalore
State Bank of mysore colony,560050,Karnataka,Bangalore
Subhashnagar,560009,Karnataka,Bangalore
Subramanyapura,560061,Karnataka,Bangalore
Swimming Pool extn,560003,Karnataka,Bangalore
Tarahunise,562157,Karnataka,Bangalore
Tavarekere,562130,Karnataka,Bangalore
Taverekere,560029,Karnataka,Bangalore
Thambuchetty Palya,560049,Karnataka,Bangalore
Thammanayakanahalli,562106,Karnataka,Bangalore
Tilaknagar,560041,Karnataka,Bangalore
Training Command iaf,560006,Karnataka,Bangalore
Tyagrajnagar,560028,Karnataka,Bangalore
Ullalu Upanagara,560056,Karnataka,Bangalore
Vanakanahalli,562106,Karnataka,Bangalore
Vartur,560087,Karnataka,Bangalore
Vasanthnagar,560052,Karnataka,Bangalore
Venkatarangapura,560003,Karnataka,Bangalore
Venkateshapura,560045,Karnataka,Bangalore
Vidhana Soudha,560001,Karnataka,Bangalore
Vidyanagara,562157,Karnataka,Bangalore
Vidyaranyapura,560097,Karnataka,Bangalore
Vijayanagar,560040,Karnataka,Bangalore
Vijayanagar East,560040,Karnataka,Bangalore
Vikramnagar,560078,Karnataka,Bangalore
Vimapura,560017,Karnataka,Bangalore
Virgonagar,560049,Karnataka,Bangalore
Visveswarapuram,560004,Karnataka,Bangalore
Viswaneedam,560091,Karnataka,Bangalore
Vittalnagar,560018,Karnataka,Bangalore
Viveknagar,560047,Karnataka,Bangalore
Vyalikaval Extn,560003,Karnataka,Bangalore
Wheel And axle plant,560064,Karnataka,Bangalore
Whitefield,560066,Karnataka,Bangalore
Wilson Garden,560027,Karnataka,Bangalore
Yadavanahalli,562107,Karnataka,Bangalore
Yediyur,560070,Karnataka,Bangalore
Yelachenahalli,560078,Karnataka,Bangalore
Yelahanka,560064,Karnataka,Bangalore
Yelahanka Satellite town,560064,Karnataka,Bangalore
Yemalur,560037,Karnataka,Bangalore
Yeshwanthpur Bazar,560022,Karnataka,Bangalore
Yeswanthpura,560022,Karnataka,Bangalore
Hauz Qazi ,110006,DELHI,DELHI
Jama Masjid ,110006,DELHI,DELHI
A.G.C.R. ,110002,DELHI,NEW DELHI
A.K.Market ,110055,DELHI,NEW DELHI
Ajmeri Gate Extn. ,110002,DELHI,NEW DELHI
Anand Parbat Indl. Area ,110005,DELHI,NEW DELHI
Anand Parbat ,110005,DELHI,NEW DELHI
Bank Street ,110005,DELHI,NEW DELHI
Baroda House ,110001,DELHI,NEW DELHI
Bengali Market ,110001,DELHI,NEW DELHI
Bhagat Singh Market ,110001,DELHI,NEW DELHI
Connaught Place ,110001,DELHI,NEW DELHI
Constitution House ,110001,DELHI,NEW DELHI
Dada Ghosh Bhawan ,110008,DELHI,NEW DELHI
Darya Ganj ,110002,DELHI,NEW DELHI
Delhi High Court ,110003,DELHI,NEW DELHI
Desh Bandhu Gupta Road ,110005,DELHI,NEW DELHI
Election Commission ,110001,DELHI,NEW DELHI
Gandhi Smarak Nidhi ,110002,DELHI,NEW DELHI
Guru Gobind Singh Marg ,110005,DELHI,NEW DELHI
Gym Khana Club ,110011,DELHI,NEW DELHI
I.A.R.I. ,110012,DELHI,NEW DELHI
I.P.Estate ,110002,DELHI,NEW DELHI
Inderpuri ,110012,DELHI,NEW DELHI
Indraprastha ,110002,DELHI,NEW DELHI
Janpath ,110001,DELHI,NEW DELHI
Karol Bagh ,110005,DELHI,NEW DELHI
Krishi Bhawan ,110001,DELHI,NEW DELHI
Lady Harding Medical College ,110001,DELHI,NEW DELHI
Master Prithvi Nath Marg ,110005,DELHI,NEW DELHI
Minto Road ,110002,DELHI,NEW DELHI
Multani Dhanda ,110055,DELHI,NEW DELHI
National Physical Laboratory ,110012,DELHI,NEW DELHI
Nirman Bhawan ,110011,DELHI,NEW DELHI
North Avenue ,110001,DELHI,NEW DELHI
Pahar Ganj ,110055,DELHI,NEW DELHI
Pandara Road ,110003,DELHI,NEW DELHI
Parliament House ,110001,DELHI,NEW DELHI
Patel Nagar East ,110008,DELHI,NEW DELHI
Patel Nagar ,110008,DELHI,NEW DELHI
Patel Nagar South ,110008,DELHI,NEW DELHI
Patel Nagar West ,110008,DELHI,NEW DELHI
Patiala House ,110001,DELHI,NEW DELHI
Pragati Maidan ,110001,DELHI,NEW DELHI
Rail Bhawan ,110001,DELHI,NEW DELHI
Rajender Nagar ,110060,DELHI,NEW DELHI
Rajghat Power House ,110002,DELHI,NEW DELHI
Rashtrapati Bhawan ,110004,DELHI,NEW DELHI
Sansad Marg ,110001,DELHI,NEW DELHI
Sansadiya Soudh ,110001,DELHI,NEW DELHI
Sat Nagar ,110005,DELHI,NEW DELHI
Secretariat North ,110001,DELHI,NEW DELHI
Shastri Bhawan ,110001,DELHI,NEW DELHI
South Avenue ,110011,DELHI,NEW DELHI
Supreme Court ,110001,DELHI,NEW DELHI
Swami Ram Tirth Nagar ,110055,DELHI,NEW DELHI
Udyog Bhawan ,110011,DELHI,NEW DELHI
Union Public Service Commissio ,110069,DELHI,NEW DELHI
Babarpur ,110032,DELHI,.
Brahampuri ,110053,DELHI,.
Anand Vihar ,110092,DELHI,DELHI EAST
Azad Nagar ,110051,DELHI,DELHI EAST
Chilla ,110091,DELHI,DELHI EAST
Distt. Court (KKD) ,110032,DELHI,DELHI EAST
Gandhi Nagar Bazar ,110031,DELHI,DELHI EAST
Gandhi Nagar ,110031,DELHI,DELHI EAST
Geeta Colony ,110031,DELHI,DELHI EAST
Ghazipur ,110096,DELHI,DELHI EAST
Govind Pura ,110051,DELHI,DELHI EAST
Himmatpuri ,110091,DELHI,DELHI EAST
Kailash Nagar ,110031,DELHI,DELHI EAST
Kalyanpuri ,110091,DELHI,DELHI EAST
Kalyanvas ,110091,DELHI,DELHI EAST
Krishna Nagar ,110051,DELHI,DELHI EAST
Laxmi Nagar ,110092,DELHI,DELHI EAST
Mandawali Fazalpur ,110092,DELHI,DELHI EAST
Mayur Vihar Ph-I ,110091,DELHI,DELHI EAST
Mayur Vihar Ph-III ,110096,DELHI,DELHI EAST
Nirman Vihar ,110092,DELHI,DELHI EAST
Patparganj ,110091,DELHI,DELHI EAST
Raghubar Pura ,110031,DELHI,DELHI EAST
Rajgarh Colony ,110031,DELHI,DELHI EAST
Ram Nagar ,110051,DELHI,DELHI EAST
Shakarpur ,110092,DELHI,DELHI EAST
Shastri Nagar ,110031,DELHI,DELHI EAST
Surajmal Vihar ,110092,DELHI,DELHI EAST
Trilok Puri ,110091,DELHI,DELHI EAST
V.K. Nagar ,110095,DELHI,DELHI EAST
Vasundhra Enclave ,110096,DELHI,DELHI EAST
Vishwas Nagar ,110032,DELHI,DELHI EAST
Vivek Vihar ,110095,DELHI,DELHI EAST
Yozna Vihar ,110092,DELHI,DELHI EAST
Balbir Nagar ,110032,DELHI,DELHI NORTH EAST
Bhajan Pura ,110053,DELHI,DELHI NORTH EAST
Bhola Nath Nagar ,110032,DELHI,DELHI NORTH EAST
Dayalpur ,110094,DELHI,DELHI NORTH EAST
Dilshad Garden ,110095,DELHI,DELHI NORTH EAST
G.T.B. Hospital ,110095,DELHI,DELHI NORTH EAST
Ghonda ,110053,DELHI,DELHI NORTH EAST
Gokal Puri ,110094,DELHI,DELHI NORTH EAST
Goverdhan Bihari Colony ,110032,DELHI,DELHI NORTH EAST
Jafrabad ,110053,DELHI,DELHI NORTH EAST
Jagjit Nagar ,110053,DELHI,DELHI NORTH EAST
Jhilmil ,110095,DELHI,DELHI NORTH EAST
Jhilmil Tahirpur ,110095,DELHI,DELHI NORTH EAST
Johripur ,110094,DELHI,DELHI NORTH EAST
Karawal Nagar ,110094,DELHI,DELHI NORTH EAST
Khazuri Khas ,110094,DELHI,DELHI NORTH EAST
Loni Road Housing Complex ,110093,DELHI,DELHI NORTH EAST
Loni Road ,110032,DELHI,DELHI NORTH EAST
Man Sarovar Park ,110032,DELHI,DELHI NORTH EAST
Mandoli Saboli ,110093,DELHI,DELHI NORTH EAST
Maujpur ,110053,DELHI,DELHI NORTH EAST
"Nand Nagri ""A"" ",110093,DELHI,DELHI NORTH EAST
"Nand Nagri ""C"" ",110093,DELHI,DELHI NORTH EAST
New Seemapuri ,110095,DELHI,DELHI NORTH EAST
New Usmanpur ,110053,DELHI,DELHI NORTH EAST
Old Seemapuri ,110095,DELHI,DELHI NORTH EAST
Rohtash Nagar ,110032,DELHI,DELHI NORTH EAST
Sabhapur ,110094,DELHI,DELHI NORTH EAST
Seelampur ,110053,DELHI,DELHI NORTH EAST
Shahdara Mandi ,110032,DELHI,DELHI NORTH EAST
Shahdara ,110032,DELHI,DELHI NORTH EAST
Shivaji Park ,110032,DELHI,DELHI NORTH EAST
Sonia Vihar ,110094,DELHI,DELHI NORTH EAST
Telewara ,110032,DELHI,DELHI NORTH EAST
Yamuna Vihar ,110053,DELHI,DELHI NORTH EAST
F F C Okhla ,110020,DELHI,NEW DELHI
New Delhi G.P.O. ,110001,DELHI,New Delhi
New Delhi ,110001,DELHI,NEW DELHI
Baratooti ,110006,DELHI,.
Jawahar Nagar ,110007,DELHI,.
Rana Pratap Bagh ,110007,DELHI,.
Birla Lines ,110007,DELHI,DELHI
Burari ,110084,DELHI,DELHI
C.C.I. ,110007,DELHI,DELHI
Chandni Chowk ,110006,DELHI,DELHI
Chawri Bazar ,110006,DELHI,DELHI
Civil Lines ,110054,DELHI,DELHI
Dareeba ,110006,DELHI,DELHI
Delhi G.P.O. ,110006,DELHI,Delhi
Delhi Sadar Bazar ,110006,DELHI,DELHI
Delhi University ,110007,DELHI,DELHI
Distt Courts ,110054,DELHI,DELHI
Gulabi Bagh ,110007,DELHI,DELHI
Jagatpur ,110084,DELHI,DELHI
Jharoda Majraa ,110084,DELHI,DELHI
Kamla Nagar ,110007,DELHI,DELHI
Malka Ganj ,110007,DELHI,DELHI
Padam Nagar ,110007,DELHI,DELHI
Patrachar Vidyalay ,110054,DELHI,DELHI
R.C.A.O. ,110007,DELHI,DELHI
R K Puram (Main) ,110066,DELHI,.
R K Puram Sect-1 ,110022,DELHI,.
R K Puram Sect-12 ,110022,DELHI,.
R K Puram Sect-3 ,110022,DELHI,.
R K Puram Sect-4 ,110022,DELHI,.
R K Puram Sect-5 ,110022,DELHI,.
R K Puram Sect7 ,110022,DELHI,.
R K Puram Sect-8 ,110022,DELHI,.
R K Puram West ,110066,DELHI,.
R R Hospital ,110010,DELHI,.
S J Enclave ,110029,DELHI,.
S P School ,110074,DELHI,.
South Delhi Campus ,110021,DELHI,.
Station Road ,110010,DELHI,.
Subroto Park ,110010,DELHI,.
Sultanpur ,110030,DELHI,.
T B Hospital ,110030,DELHI,.
Technology Bhawan ,110016,DELHI,.
Vasant Kunj Pkt-A ,110070,DELHI,.
Vasant Kunj ,110070,DELHI,.
Vasant Vihar-1 ,110057,DELHI,.
Vasant Vihar-2 ,110057,DELHI,.
Signal Enclave ,110010,DELHI,/
Sarojini Nagar ,110023,DELHI,DELHI
Amberhai ,110075,DELHI,NEW DELHI
Badhosarai ,110028,DELHI,NEW DELHI
Badusarai ,110071,DELHI,NEW DELHI
Bagrola ,110077,DELHI,NEW DELHI
Baprola ,110028,DELHI,NEW DELHI
Barthal ,110077,DELHI,NEW DELHI
Chhawla ,110071,DELHI,NEW DELHI
CRPF Jharoda Kalan ,110072,DELHI,NEW DELHI
D C Goyla ,110028,DELHI,NEW DELHI
D C Nangli Sakravati ,110028,DELHI,NEW DELHI
Dabri ,110028,DELHI,NEW DELHI
Daulatpur ,110028,DELHI,NEW DELHI
Dhulsiras ,110077,DELHI,NEW DELHI
Dichaoal Kalan ,110028,DELHI,NEW DELHI
Dindarpur ,110028,DELHI,NEW DELHI
Dulsiras ,110028,DELHI,NEW DELHI
Dwarka Sec-6 ,110075,DELHI,NEW DELHI
Galib Pur ,110028,DELHI,NEW DELHI
Ghuman Hera ,110028,DELHI,NEW DELHI
Indira Park ,110028,DELHI,NEW DELHI
Indira Park ,110045,DELHI,NEW DELHI
Issapur ,110028,DELHI,NEW DELHI
Issapur ,110073,DELHI,NEW DELHI
Jafarpur ,110028,DELHI,NEW DELHI
Jharoda Kalan ,110028,DELHI,NEW DELHI
Jhatikara ,110028,DELHI,NEW DELHI
Kair ,110028,DELHI,NEW DELHI
Kair ,110043,DELHI,NEW DELHI
Kakrola ,110078,DELHI,NEW DELHI
Kangan Heri ,110028,DELHI,NEW DELHI
Khaira ,110028,DELHI,NEW DELHI
Khaira ,110043,DELHI,NEW DELHI
Khera Dabur ,110028,DELHI,NEW DELHI
Malik Pur ,110028,DELHI,NEW DELHI
Malik Pur ,110073,DELHI,NEW DELHI
Maya Puri ,110064,DELHI,NEW DELHI
Mitraon ,110028,DELHI,NEW DELHI
Mundela Kalan ,110028,DELHI,NEW DELHI
N.S.I.T. Dwarka ,110078,DELHI,NEW DELHI
Najafgarh ,110043,DELHI,NEW DELHI
Nangal Raya ,110046,DELHI,NEW DELHI
Naraina Industrial Estate ,110028,DELHI,NEW DELHI
Naraina Village ,110028,DELHI,NEW DELHI
Nasirpur ,110028,DELHI,NEW DELHI
Palam Village ,110045,DELHI,NEW DELHI
Pandwala Kalan ,110028,DELHI,NEW DELHI
Papravat ,110028,DELHI,NEW DELHI
Quazipur ,110028,DELHI,NEW DELHI
Raj Nagar - II ,110077,DELHI,NEW DELHI
Raota ,110028,DELHI,NEW DELHI
Raota ,110073,DELHI,NEW DELHI
Rewla Khanpur ,110028,DELHI,NEW DELHI
Sagarpur ,110046,DELHI,NEW DELHI
Shopping Centre Mayapuri ,110064,DELHI,NEW DELHI
Surehra ,110028,DELHI,NEW DELHI
Tilangpur Kotla ,110028,DELHI,NEW DELHI
Ujwa ,110073,DELHI,NEW DELHI
A-3 Janak Puri ,110058,DELHI,NEW DELHI
Ashok Nagar ,110018,DELHI,NEW DELHI
Ashoka Park Extn. ,110026,DELHI,NEW DELHI
B-1 Janak Puri ,110058,DELHI,NEW DELHI
Bakkarwala ,110015,DELHI,NEW DELHI
C-4 Janak Puri ,110058,DELHI,NEW DELHI
Chand Nagar ,110018,DELHI,NEW DELHI
Chaukhandi ,110015,DELHI,NEW DELHI
D. K. Mohan Garden ,110059,DELHI,NEW DELHI
D.E.S.U. Colony ,110058,DELHI,NEW DELHI
Delhi Industrial Area ,110015,DELHI,NEW DELHI
ESI ,110015,DELHI,NEW DELHI
Fateh Nagar ,110018,DELHI,NEW DELHI
Hari Nagar BE Block ,110064,DELHI,NEW DELHI
Hari Nagar Dadb Block ,110064,DELHI,NEW DELHI
Hari Nagar ,110064,DELHI,NEW DELHI
Hastal Village ,110015,DELHI,NEW DELHI
Hirankudna ,110015,DELHI,NEW DELHI
J-6 Rajouri Garden ,110027,DELHI,NEW DELHI
Jail Road ,110058,DELHI,NEW DELHI
Janta Market ,110027,DELHI,NEW DELHI
Jawala Heri ,110063,DELHI,NEW DELHI
Jeevan Park ,110015,DELHI,NEW DELHI
Jeevan Park ,110059,DELHI,NEW DELHI
Jwala Puri ,110087,DELHI,NEW DELHI
Jwalaheri ,110015,DELHI,NEW DELHI
Karam Pura ,110015,DELHI,NEW DELHI
Khyala Phase -  I ,110018,DELHI,NEW DELHI
Khyala Phase - II ,110018,DELHI,NEW DELHI
L. M. Nagar Indl. Area ,110015,DELHI,NEW DELHI
M.B.S. Nagar ,110018,DELHI,NEW DELHI
Madipur Slum Quarter ,110063,DELHI,NEW DELHI
Madipur Village ,110063,DELHI,NEW DELHI
Mahabir Nagar ,110018,DELHI,NEW DELHI
Mansarover Garden ,110015,DELHI,NEW DELHI
Matiala ,110015,DELHI,NEW DELHI
Matiala ,110059,DELHI,NEW DELHI
Mundka ,110041,DELHI,NEW DELHI
N.I.Area ,110015,DELHI,NEW DELHI
Nangloi - II ,110015,DELHI,NEW DELHI
Nangloi - III ,110041,DELHI,NEW DELHI
Nangloi ,110041,DELHI,NEW DELHI
Nilothi ,110015,DELHI,NEW DELHI
Paschim Vihar B Block ,110063,DELHI,NEW DELHI
Paschim Vihar ,110063,DELHI,NEW DELHI
Peeragarhi ,110015,DELHI,NEW DELHI
Punjabi Bagh ,110026,DELHI,NEW DELHI
Punjabi Bagh Sec - III ,110026,DELHI,NEW DELHI
Rajouri Garden ,110027,DELHI,NEW DELHI
Rajouri Market ,110027,DELHI,NEW DELHI
Ramesh Nagar ,110015,DELHI,NEW DELHI
Ranhola ,110015,DELHI,NEW DELHI
Shivaji Park ,110026,DELHI,NEW DELHI
Subhash Nagar ,110027,DELHI,NEW DELHI
Subhash Nagar West ,110027,DELHI,NEW DELHI
Sunder Vihar ,110087,DELHI,NEW DELHI
Tikri Kalan ,110015,DELHI,NEW DELHI
Tilak Nagar East ,110018,DELHI,NEW DELHI
Tilak Nagar ,110018,DELHI,NEW DELHI
Uttam Nagar ,110059,DELHI,NEW DELHI
Vikas Puri ,110018,DELHI,NEW DELHI
Vishnu Garden ,110018,DELHI,NEW DELHI
Zakhira ,110015,DELHI,NEW DELHI
Ansari Road,110002,DELHI,NEW DELHI
Aliganj ,110003,DELHI,NEW DELHI
Anand Nagar ,110005,DELHI,NEW DELHI
Army Base ,110010,DELHI,NEW DELHI
A P S Colony,110010,DELHI,NEW DELHI
A F Palam ,110010,DELHI,NEW DELHI
Ashram ,110016,DELHI,NEW DELHI
Ashoka Hotel ,110021,DELHI,NEW DELHI
Anand Niketan ,110021,DELHI,NEW DELHI
Amar Colony ,110024,DELHI,NEW DELHI
Adarsh Nagar ,110033,DELHI,NEW DELHI
A T Mills ,110033,DELHI,NEW DELHI
Anandvas Shakurpur ,110034,DELHI,NEW DELHI
Alipur ,110036,DELHI,NEW DELHI
 A F Rajokari ,110038,DELHI,NEW DELHI
 Ambrohi ,110045,DELHI,NEW DELHI
Arjan Garh ,110047,DELHI,NEW DELHI
Asian Games Village,110049,DELHI,NEW DELHI
Andrews Ganj ,110049,DELHI,NEW DELHI
Anarkali ,110051,DELHI,NEW DELHI
Ashok Vihar H O ,110052,DELHI,NEW DELHI
Amrit Kaur Market ,110055,DELHI,NEW DELHI
Ambedkar Nagar ,110062,DELHI,NEW DELHI
Bazar Road ,110010,DELHI,NEW DELHI
Bhaiparma Nand Nagar ,110033,DELHI,NEW DELHI
Bawana ,110039,DELHI,NEW DELHI
Budh Nagar ,110041,DELHI,NEW DELHI
Badli,110042,DELHI,NEW DELHI
Badarpur T P Station ,110044,DELHI,NEW DELHI
Badarpur,110044,DELHI,NEW DELHI
Bakrola ,110045,DELHI,NEW DELHI
Bharat Nagar ,110052,DELHI,NEW DELHI
Bijwasan ,110061,DELHI,NEW DELHI
B S F Camp Tigri ,110062,DELHI,NEW DELHI
Bhajan Pura ,110096,DELHI,NEW DELHI
Central Ordinance ,110010,DELHI,NEW DELHI
Central Vehicle ,110010,DELHI,NEW DELHI
Central Tractor ,110012,DELHI,NEW DELHI
Central Kirti Nagar ,110015,DELHI,NEW DELHI
 C R R I ,110020,DELHI,NEW DELHI
Chankyapuri ,110021,DELHI,NEW DELHI
C R P F Camp ,110054,DELHI,NEW DELHI
Chilla Villege ,110094,DELHI,NEW DELHI
Depot ,110010,DELHI,NEW DELHI
Dhaula Khuan ,110010,DELHI,NEW DELHI
Delhi Cantt ,110010,DELHI,NEW DELHI
Defence Head Qrs,110011,DELHI,NEW DELHI
Dargah Shareef ,110013,DELHI,NEW DELHI
Delhi Cloth Mills ,110006,DELHI,NEW DELHI
 D I Area ,110015,DELHI,NEW DELHI
Defence Colony ,110024,DELHI,NEW DELHI
Dakshinpuri Phase Iii ,110062,DELHI,NEW DELHI
Dakshimpuri Phase I ,110062,DELHI,NEW DELHI
D D A Munirka ,110067,DELHI,NEW DELHI
D D A Salam ,110072,DELHI,NEW DELHI
Eastern Court ,110001,DELHI,NEW DELHI
East Of Kailash ,110065,DELHI,NEW DELHI
Farashkhana ,110006,DELHI,NEW DELHI
Fatehpuri,110006,DELHI,NEW DELHI
Gandhi Samarak ,110002,DELHI,NEW DELHI
Golf Links ,110003,DELHI,NEW DELHI
Green Park Market ,110016,DELHI,NEW DELHI
Green Park ,110016,DELHI,NEW DELHI
Govindpuri,110019,DELHI,NEW DELHI
Gujranwala Nagar Part Ii ,110033,DELHI,NEW DELHI
G T S Nagar ,110033,DELHI,NEW DELHI
Ganeshpuri ,110035,DELHI,NEW DELHI
Gurgaon Road ,110037,DELHI,NEW DELHI
Greater Kailash Ii,110048,DELHI,NEW DELHI
Greater Kailash ,110048,DELHI,NEW DELHI
Guatam Nagar ,110049,DELHI,NEW DELHI
Gulmohar Park ,110049,DELHI,NEW DELHI
Hazrat Nizamuddin ,110013,DELHI,NEW DELHI
Hari Nagar Ashram ,110014,DELHI,NEW DELHI
 Hauz Khas Market ,110016,DELHI,NEW DELHI
Hauz Khas,110016,DELHI,NEW DELHI
Himayunpur Extn ,110029,DELHI,NEW DELHI
Harijan Sewak Sangh ,110033,DELHI,NEW DELHI
Haiderpur,110042,DELHI,NEW DELHI
Hamdard Nagar,110062,DELHI,NEW DELHI
Hamdard Dawakhana ,110006,DELHI,NEW DELHI
Indian Agriculture,110002,DELHI,NEW DELHI
Industrial Area ,110005,DELHI,NEW DELHI
Idgah Road I S B T ,110006,DELHI,NEW DELHI
 Industrial Area ,110015,DELHI,NEW DELHI
I I T Hauz Khas ,110016,DELHI,NEW DELHI
Inderlok ,110035,DELHI,NEW DELHI
Jawahar Lal Nehru Stadium,110003,DELHI,NEW DELHI
Joshi Nagar ,110005,DELHI,NEW DELHI
Jama Masjid ,110006,DELHI,NEW DELHI
Jangpura ,110014,DELHI,NEW DELHI
Jamia Nagar ,110025,DELHI,NEW DELHI
 J J Colony,110027,DELHI,NEW DELHI
Jahangirpuri Block H,110033,DELHI,NEW DELHI
Jahangirpuri Block D,110033,DELHI,NEW DELHI
Jahangirpuri Block A,110033,DELHI,NEW DELHI
Jaroda Majra ,110033,DELHI,NEW DELHI
Jawalpuri ,110041,DELHI,NEW DELHI
Janakpuri Block C 4 ,110058,DELHI,NEW DELHI
 Janakpuri,110058,DELHI,NEW DELHI
Janakpuri Block D 1 ,110058,DELHI,NEW DELHI
Janakpuri Blockc 2 ,110058,DELHI,NEW DELHI
Jawahar Lal Nehru Univers ,110067,DELHI,NEW DELHI
